code_id,Uncertainty,MedType,Doses,Dose_0,Dose_10,Dose_14,Dose_20,Dose_28,Dose_30,Dose_50,Dose_56,Dose_60,Dose_90,Dose_100,Dose_112,Dose_120,Dose_200,Strength,MedName
c61j.,FALSE,BecD,200,0,0,0,0,0,0,0,0,0,0,0,0,0,1,50,*AEROBEC 50microgram Autohaler
c66D.,FALSE,BecD,200,0,0,0,0,0,0,0,0,0,0,0,0,0,1,50,ASMABEC 50micrograms Clickhaler
c61W.,FALSE,BecD,200,0,0,0,0,0,0,0,0,0,0,0,0,0,1,50,*BDP 50micrograms Spacehaler
c61K.,FALSE,BecD,200,0,0,0,0,0,0,0,0,0,0,0,0,0,1,50,BECLAZONE 50micrograms inhaler
c61N.,FALSE,BecD,200,0,0,0,0,0,0,0,0,0,0,0,0,0,1,50,BECLAZONE 50 EASI-BREATHE inhaler
c612.,TRUE,BecD,200,0,0,0,0,0,0,0,0,0,0,0,0,0,1,50,BECOTIDE-50 50microgram inhaler
c662.,FALSE,BecD,200,0,0,0,0,0,0,0,0,0,0,0,0,0,1,50,BECOTIDE 50 EASI-BREATHE inhaler
c66c.,TRUE,BecD,200,0,0,0,0,0,0,0,0,0,0,0,0,0,1,50,CLENIL MODULITE 50micrograms CFC-free inhaler
c61G.,FALSE,BecD,200,0,0,0,0,0,0,0,0,0,0,0,0,0,1,50,*FILAIR 50micrograms inhaler
c665.,FALSE,BecD,200,0,0,0,0,0,0,0,0,0,0,0,0,0,1,50,QVAR 50 inhaler
c667.,FALSE,BecD,200,0,0,0,0,0,0,0,0,0,0,0,0,0,1,50,QVAR 50 Autohaler
c66Z.,TRUE,BecD,200,0,0,0,0,0,0,0,0,0,0,0,0,0,1,50,QVAR EASI-BREATHE 50micrograms CFC-free breath-actuated dry powder
c61v.,TRUE,BecD,200,0,0,0,0,0,0,0,0,0,0,0,0,0,1,50,BECLOMETASONE DIPROPRIONATE 50micrograms inhaler
c66A.,TRUE,BecD,200,0,0,0,0,0,0,0,0,0,0,0,0,0,1,50,BECLOMETASONE DIPROPRIONATE 50micrograms breath-actuated dry powder inhaler
c61D.,TRUE,BecD,200,0,0,0,0,0,0,0,0,0,0,0,0,0,1,50,BECLOMETASONE DIPROPRIONATE 50micrograms breath-actuated aerosol inhaler
c66V.,TRUE,BecD,200,0,0,0,0,0,0,0,0,0,0,0,0,0,1,50,BECLOMETASONE DIPROPRIONATE 50micrograms CFC-free inhaler
c66X.,TRUE,BecD,200,0,0,0,0,0,0,0,0,0,0,0,0,0,1,50,BECLOMETASONE DIPROPRIONATE 50micrograms CFC-free breath-actuated aerosol inhaler
c61V.,TRUE,BecD,200,0,0,0,0,0,0,0,0,0,0,0,0,0,1,50,BECLOMETHASONE DIPROPRIONATE 50micrograms vortex metered  inhaler
c61l.,FALSE,BecD,200,0,0,0,0,0,0,0,0,0,0,0,0,0,1,100,AEROBEC 100microgram Autohaler
c66E.,FALSE,BecD,200,0,0,0,0,0,0,0,0,0,0,0,0,0,1,100,ASMABEC 100micrograms Clickhaler
c61Y.,FALSE,BecD,200,0,0,0,0,0,0,0,0,0,0,0,0,0,1,100,*BDP 100micrograms Spacehaler
c61L.,FALSE,BecD,200,0,0,0,0,0,0,0,0,0,0,0,0,0,1,100,BECLAZONE 100micrograms inhaler
c61O.,FALSE,BecD,200,0,0,0,0,0,0,0,0,0,0,0,0,0,1,100,BECLAZONE 100 EASI-BREATHE inhaler
c617.,FALSE,BecD,200,0,0,0,0,0,0,0,0,0,0,0,0,0,1,100,BECOTIDE-100 100microgram inhaler
c663.,TRUE,BecD,200,0,0,0,0,0,0,0,0,0,0,0,0,0,1,100,BECOTIDE 100 EASI-BREATHE inhaler
c66d.,TRUE,BecD,200,0,0,0,0,0,0,0,0,0,0,0,0,0,1,100,CLENIL MODULITE 100micrograms CFC-free inhaler
c61H.,FALSE,BecD,200,0,0,0,0,0,0,0,0,0,0,0,0,0,1,100,*FILAIR 100micrograms inhaler
c66I.,FALSE,BecD,100,0,0,0,0,0,0,0,0,0,0,1,0,0,0,100,PULVINAL BECLOMETHASONE DIPROPRIONATE 100micrograms breath-actuated dry powder inhaler
c666.,FALSE,BecD,200,0,0,0,0,0,0,0,0,0,0,0,0,0,1,100,QVAR 100 inhaler
c668.,FALSE,BecD,200,0,0,0,0,0,0,0,0,0,0,0,0,0,1,100,QVAR 100 Autohaler
c66a.,TRUE,BecD,200,0,0,0,0,0,0,0,0,0,0,0,0,0,1,100,QVAR EASI-BREATHE 100micrograms CFC-free breath-actuated dry powder inhaler
c61z.,TRUE,BecD,200,0,0,0,0,0,0,0,0,0,0,1,0,0,12,100,BECLOMETASONE DIPROPRIONATE 100micrograms inhaler
c66W.,TRUE,BecD,200,0,0,0,0,0,0,0,0,0,0,0,0,0,1,100,BECLOMETASONE DIPROPRIONATE 100micrograms CFC-free inhaler
c61X.,TRUE,BecD,200,0,0,0,0,0,0,0,0,0,0,0,0,0,1,100,BECLOMETHASONE DIPROPRIONATE 100micrograms vortex metered  inhaler
c61F.,TRUE,BecD,200,0,0,0,0,0,0,0,0,0,0,0,0,0,1,100,BECLOMETASONE DIPROPRIONATE 100micrograms breath-actuated aerosol inhaler
c66B.,TRUE,BecD,200,0,0,0,0,0,0,0,0,0,0,1,0,0,2,100,BECLOMETASONE DIPROPRIONATE 100micrograms breath-actuated dry powder inhaler
c66Y.,TRUE,BecD,200,0,0,0,0,0,0,0,0,0,0,0,0,0,1,100,BECLOMETASONE DIPROPRIONATE 100micrograms CFC-free breath-actuated aerosol inhaler
c66e.,TRUE,BecD,200,0,0,0,0,0,0,0,0,0,0,0,0,0,1,200,CLENIL MODULITE 200micrograms CFC-free inhaler
c669.,FALSE,BecD,200,0,0,0,0,0,0,0,0,0,0,0,0,0,1,200,*BECLAZONE 200 inhaler
c61i.,FALSE,BecD,200,0,0,0,0,0,0,0,0,0,0,0,0,0,1,200,BECOTIDE-200 200microgram inhaler
c66b.,FALSE,BecD,200,0,0,0,0,0,0,0,0,0,0,0,0,0,1,200,EASYHALER BECLOMETASONE 200micrograms breath-actuated dry powder inhaler
c66J.,FALSE,BecD,100,0,0,0,0,0,0,0,0,0,0,1,0,0,0,200,PULVINAL BECLOMETHASONE DIPROPRIONATE 200micrograms breath-actuated dry powder inhaler
c61u.,TRUE,BecD,200,0,0,0,0,0,0,0,0,0,0,1,0,0,4,200,BECLOMETASONE DIPROPRIONATE 200micrograms inhaler
c66H.,TRUE,BecD,200,0,0,0,0,0,0,0,0,0,0,1,0,0,1,200,BECLOMETASONE DIPROPRIONATE 200micrograms breath-actuated dry powder inhaler
c66g.,TRUE,BecD,200,0,0,0,0,0,0,0,0,0,0,0,0,0,1,200,BECLOMETASONE DIPROPRIONATE 200micrograms CFC-free inhaler
c66F.,FALSE,BecD,100,0,0,0,0,0,0,0,0,0,0,1,0,0,0,250,ASMABEC 250micrograms Clickhaler
c61k.,FALSE,BecD,200,0,0,0,0,0,0,0,0,0,0,0,0,0,1,250,AEROBEC FORTE 250micrograms Autohaler
c661.,FALSE,BecD,200,0,0,0,0,0,0,0,0,0,0,0,0,0,1,250,*BDP 250micrograms Spacehaler
c61P.,FALSE,BecD,200,0,0,0,0,0,0,0,0,0,0,0,0,0,1,250,BECLAZONE 250 EASI-BREATHE inhaler
c61M.,FALSE,BecD,200,0,0,0,0,0,0,0,0,0,0,0,0,0,1,250,BECLAZONE 250micrograms inhaler
c611.,FALSE,BecD,200,0,0,0,0,0,0,0,0,0,0,0,0,0,1,250,BECLOFORTE 250microgram inhaler
c61R.,FALSE,BecD,200,0,0,0,0,0,0,0,0,0,0,0,0,0,1,250,BECLOFORTE INTEGRA 250micrograms refill
c61Q.,FALSE,BecD,200,0,0,0,0,0,0,0,0,0,0,0,0,0,1,250,BECLOFORTE INTEGRA 250micrograms inhaler+compact spacer
c664.,FALSE,BecD,200,0,0,0,0,0,0,0,0,0,0,0,0,0,1,250,BECLOFORTE EASI-BREATHE 250micrograms inhaler
c61g.,TRUE,BecD,200,0,0,0,0,0,0,0,0,0,0,0,0,0,1,250,BECLOFORTE VM 250micrograms inhaler+volumatic
c61J.,FALSE,BecD,200,0,0,0,0,0,0,0,0,0,0,0,0,0,1,250,FILAIR FORTE 250micrograms inhaler
c66f.,TRUE,BecD,200,0,0,0,0,0,0,0,0,0,0,0,0,0,1,250,CLENIL MODULITE 250micrograms CFC-free inhaler
c61t.,TRUE,BecD,200,0,0,0,0,0,0,0,0,0,0,1,0,0,11,250,BECLOMETASONE DIPROPRIONATE 250micrograms inhaler
c61E.,TRUE,BecD,200,0,0,0,0,0,0,0,0,0,0,0,0,0,1,250,BECLOMETASONE DIPROPRIONATE 250micrograms breath-actuated aerosol inhaler
c66C.,TRUE,BecD,100,0,0,0,0,0,0,0,0,0,0,1,0,0,0,250,BECLOMETASONE DIPROPRIONATE 250micrograms breath-actuated dry powder inhaler
c66h.,TRUE,BecD,200,0,0,0,0,0,0,0,0,0,0,0,0,0,1,250,BECLOMETASONE DIPROPRIONATE 250micrograms CFC-free inhaler
c61C.,TRUE,BecD,200,0,0,0,0,0,0,0,0,0,0,0,0,0,1,250,BECLOMETHASONE DIPROPRIONATE 250micrograms inhaler+spacer device
c61S.,TRUE,BecD,200,0,0,0,0,0,0,0,0,0,0,0,0,0,1,250,BECLOMETHASONE DIPROPRIONATE 250micrograms inhaler+compact spacer
c61T.,TRUE,BecD,200,0,0,0,0,0,0,0,0,0,0,0,0,0,1,250,BECLOMETHASONE DIPROPRIONATE 250micrograms compact spacer refill
c61Z.,TRUE,BecD,200,0,0,0,0,0,0,0,0,0,0,0,0,0,1,250,BECLOMETHASONE DIPROPRIONATE 250micrograms vortex metered  inhaler
c66K.,FALSE,BecD,100,0,0,0,0,0,0,0,0,0,0,1,0,0,0,400,PULVINAL BECLOMETHASONE DIPROPRIONATE 400micrograms breath-actuated dry powder inhaler
c66G.,TRUE,BecD,100,0,0,0,0,0,0,0,0,0,0,1,0,0,0,400,BECLOMETASONE DIPROPRIONATE 400micrograms breath-actuated dry powder inhaler
c619.,TRUE,BecD,112,0,0,0,0,0,0,0,0,0,0,0,1,0,0,100,BECODISK 100micrograms diskhaler 14x8
x00I2,FALSE,BecD,120,0,0,0,0,0,0,0,0,0,0,0,1,1,0,100,Becodisks 100micrograms disks+diskhaler
c66P.,TRUE,BecD,120,0,0,0,0,0,0,0,0,0,0,0,0,1,0,100,BECODISK 100micrograms diskhaler 15x8
c61c.,TRUE,BecD,112,0,0,0,0,0,0,0,0,0,0,0,1,0,0,100,BECODISK 100micrograms disk refill 14x8
c66S.,TRUE,BecD,120,0,0,0,0,0,0,0,0,0,0,0,0,1,0,100,BECODISK 100micrograms disk refill 15x8
c613.,FALSE,BecD,112,0,0,0,0,0,0,0,0,0,0,0,1,0,0,100,BECOTIDE 100micrograms rotacaps
c66L.,FALSE,BecD,120,0,0,0,0,0,0,0,0,0,0,0,0,1,0,100,*BECLOMETASONE 100 cyclocaps
c61r.,TRUE,BecD,120,0,0,0,0,0,0,0,0,0,0,0,1,1,0,100,BECLOMETASONE DIPROPRIONATE 100micrograms disk refill
c61p.,TRUE,BecD,120,0,0,0,0,0,0,0,0,0,0,0,1,1,0,100,BECLOMETASONE DIPROPRIONATE 100micrograms disks+disk inhaler
c61w.,TRUE,BecD,120,0,0,0,0,0,0,0,0,0,0,0,1,1,0,100,BECLOMETASONE DIPROPRIONATE 100micrograms inhalation capsules
c61d.,FALSE,BecD,112,0,0,0,0,0,0,0,0,0,0,0,1,0,0,200,BECODISK 200micrograms disk refill 14x8
c66T.,TRUE,BecD,120,0,0,0,0,0,0,0,0,0,0,0,0,1,0,200,BECODISK 200micrograms disk refill 15x8
c61a.,TRUE,BecD,112,0,0,0,0,0,0,0,0,0,0,0,1,0,0,200,BECODISK 200micrograms diskhaler 14x8
x00I3,FALSE,BecD,120,0,0,0,0,0,0,0,0,0,0,0,1,1,0,200,Becodisks 200micrograms/blister disks+diskhaler
c66Q.,TRUE,BecD,120,0,0,0,0,0,0,0,0,0,0,0,0,1,0,200,BECODISK 200micrograms diskhaler 15x8
c614.,FALSE,BecD,112,0,0,0,0,0,0,0,0,0,0,0,1,0,0,200,BECOTIDE 200micrograms rotacaps
c66M.,FALSE,BecD,120,0,0,0,0,0,0,0,0,0,0,0,0,1,0,200,*BECLOMETASONE 200 cyclocaps
c61q.,TRUE,BecD,120,0,0,0,0,0,0,0,0,0,0,0,1,1,0,200,BECLOMETASONE DIPROPRIONATE 200micrograms disks+disk inhaler
c61s.,TRUE,BecD,120,0,0,0,0,0,0,0,0,0,0,0,1,1,0,200,BECLOMETASONE DIPROPRIONATE 200micrograms disk refill
c61x.,TRUE,BecD,120,0,0,0,0,0,0,0,0,0,0,0,1,1,0,200,BECLOMETASONE DIPROPRIONATE 200micrograms inhalation capsules
c61n.,FALSE,BecD,112,0,0,0,0,0,0,0,0,0,0,0,1,0,0,400,BECLOFORTE DISKS 400micrograms disk refill 14x8
c61m.,TRUE,BecD,112,0,0,0,0,0,0,0,0,0,0,0,1,0,0,400,BECLOFORTE DISKHALER 400micrograms 14x8
c66R.,TRUE,BecD,120,0,0,0,0,0,0,0,0,0,0,0,0,1,0,400,BECODISK 400micrograms diskhaler 15x8
c61f.,TRUE,BecD,56,0,0,0,0,0,0,0,1,0,0,0,0,0,0,400,BECODISK 400micrograms disk refill 7x8
c61e.,TRUE,BecD,56,0,0,0,0,0,0,0,1,0,0,0,0,0,0,400,BECODISK 400micrograms diskhaler 7x8
c66U.,TRUE,BecD,120,0,0,0,0,0,0,0,0,0,0,0,0,1,0,400,BECODISK 400microgram disk refill 15x8
x00I4,TRUE,BecD,120,0,0,0,0,0,0,0,0,0,0,0,0,1,0,400,Becodisks 400micrograms/blister disks+diskhaler
c61b.,FALSE,BecD,112,0,0,0,0,0,0,0,0,0,0,0,1,0,0,400,BECOTIDE 400micrograms rotacaps
c66N.,FALSE,BecD,120,0,0,0,0,0,0,0,0,0,0,0,0,1,0,400,*BECLOMETASONE 400 cyclocaps
c61A.,TRUE,BecD,120,0,0,0,0,0,0,0,1,0,0,0,1,1,0,400,BECLOMETASONE DIPROPRIONATE 400micrograms disks+disk inhaler
c61h.,TRUE,BecD,120,0,0,0,0,0,0,0,0,0,0,0,1,1,0,400,BECLOMETASONE DIPROPRIONATE 400micrograms inhalation capsules
c61B.,TRUE,BecD,120,0,0,0,0,0,0,0,1,0,0,0,1,1,0,400,BECLOMETASONE DIPROPRIONATE 400micrograms disk refill
c615.,TRUE,BecD,0,2,0,0,0,0,0,0,0,0,0,0,1,0,0,NA,*BECOTIDE rotahaler device
c61U.,TRUE,BecD,0,2,0,0,0,0,0,0,0,0,0,0,1,0,0,NA,BECLOMETHASONE rotahaler device
c616.,FALSE,BecD,20,0,2,0,2,0,1,0,0,1,0,0,0,1,0,50,BECOTIDE 50micrograms/mL nebuliser solution
c61y.,FALSE,BecD,20,0,2,0,2,0,1,0,0,1,0,0,0,1,0,50,BECLOMETHASONE DIPROPRIONATE 50micrograms/mL nebuliser solution
c61..,FALSE,BecD,200,0,0,0,0,0,0,0,1,0,0,0,1,1,2,NA,BECLOMETASONE DIPROPRIONATE [RESPIRATORY USE]
c66..,FALSE,BecD,200,0,0,0,0,0,0,0,1,0,0,0,1,1,2,NA,BECLOMETASONE DIPROPRIONATE [RESPIRATORY USE 2]
c644.,FALSE,Bud,200,0,0,0,0,0,0,0,0,0,0,0,0,0,1,50,PULMICORT LS 50micrograms inhaler
c64D.,FALSE,Bud,200,0,0,0,0,0,0,0,0,0,0,0,0,0,1,50,PULMICORT LS 50micrograms spacer inhaler
c645.,TRUE,Bud,200,0,0,0,0,0,0,0,0,0,0,0,0,0,1,50,PULMICORT LS 50micrograms refill
c64y.,TRUE,Bud,200,0,0,0,0,0,0,0,0,0,0,0,0,0,1,50,BUDESONIDE 50micrograms inhaler
c64B.,TRUE,Bud,200,0,0,0,0,0,0,0,0,0,0,0,0,0,1,50,BUDESONIDE 50micrograms spacer inhaler
c64e.,TRUE,Bud,200,0,0,0,0,0,0,0,0,0,0,0,0,0,1,50,BUDESONIDE 50micrograms refill cannister
c64H.,FALSE,Bud,200,0,0,0,0,0,0,0,0,0,0,0,0,0,1,100,EASYHALER BUDESONIDE 100micrograms breath-actuated dry powder inhaler
c64K.,FALSE,Bud,120,0,0,0,0,0,0,0,0,0,0,0,0,1,0,100,PULMICORT 100micrograms CFC-free inhaler
c64c.,FALSE,Bud,200,0,0,0,0,0,0,0,0,0,0,0,0,0,1,100,PULMICORT 100microgram Turbohaler 200
x00gE,FALSE,Bud,200,0,0,0,0,0,0,0,0,0,0,0,0,0,1,100,Pulmicort 100micrograms Turbohaler
c64d.,TRUE,Bud,200,0,0,0,0,0,0,0,0,0,0,0,0,0,1,100,BUDESONIDE 100micrograms breath-actuated dry powder inhaler
c64L.,TRUE,Bud,120,0,0,0,0,0,0,0,0,0,0,0,0,1,0,100,BUDESONIDE 100micrograms CFC-free inhaler
c64I.,FALSE,Bud,200,0,0,0,0,0,0,0,0,0,0,0,0,0,1,200,EASYHALER BUDESONIDE 200micrograms breath-actuated dry powder inhaler
c64p.,TRUE,Bud,100,0,0,0,0,0,0,0,0,0,0,1,0,0,0,200,NOVOLIZER BUDESONIDE 200micrograms/ dry powder cartridge and refillable inhaler device
c64G.,TRUE,Bud,100,0,0,0,0,0,0,0,0,0,0,1,0,0,0,200,NOVOLIZER BUDESONIDE 200micrograms/ dry powder cartridge refill
c648.,FALSE,Bud,100,0,0,0,0,0,0,0,0,0,0,1,0,0,0,200,PULMICORT 200microgram Turbohaler 100
x00gF,FALSE,Bud,100,0,0,0,0,0,0,0,0,0,0,1,0,0,0,200,Pulmicort 200micrograms Turbohaler
c647.,TRUE,Bud,100,0,0,0,0,0,0,0,0,0,0,1,0,0,0,200,PULMICORT 200microgram inhaler 100
x00QU,FALSE,Bud,200,0,0,0,0,0,0,0,0,0,0,1,0,0,1,200,Pulmicort 200micrograms inhaler
c642.,TRUE,Bud,100,0,0,0,0,0,0,0,0,0,0,1,0,0,0,200,PULMICORT 200micrograms refill 100
c641.,TRUE,Bud,200,0,0,0,0,0,0,0,0,0,0,0,0,0,1,200,PULMICORT 200micrograms inhaler 200
c64M.,TRUE,Bud,200,0,0,0,0,0,0,0,0,0,0,1,0,0,1,200,PULMICORT 200micrograms CFC-free inhaler
c643.,FALSE,Bud,200,0,0,0,0,0,0,0,0,0,0,0,0,0,1,200,PULMICORT 200micrograms refill 200
c64C.,FALSE,Bud,200,0,0,0,0,0,0,0,0,0,0,1,0,0,1,200,PULMICORT 200micrograms spacer inhaler
c64E.,TRUE,Bud,200,0,0,0,0,0,0,0,0,0,0,1,0,0,1,200,PULMICORT 200micrograms inhaler with NebuChamber
c64v.,TRUE,Bud,200,0,0,0,0,0,0,0,0,0,0,1,0,0,1,200,BUDESONIDE 200micrograms inhaler
c64o.,TRUE,Bud,200,0,0,0,0,0,0,0,0,0,0,1,0,0,1,200,BUDESONIDE 200micrograms inhaler with spacer device
c64g.,TRUE,Bud,200,0,0,0,0,0,0,0,0,0,0,1,0,0,1,200,BUDESONIDE 200micrograms breath-actuated dry powder inhaler
c64N.,TRUE,Bud,200,0,0,0,0,0,0,0,0,0,0,1,0,0,1,200,BUDESONIDE 200micrograms CFC-free inhaler
c64u.,TRUE,Bud,100,0,0,0,0,0,0,0,0,0,0,2,0,0,1,200,BUDESONIDE 200micrograms/ dry powder cartridge and refillable inhaler device
c64F.,TRUE,Bud,100,0,0,0,0,0,0,0,0,0,0,2,0,0,1,200,BUDESONIDE 200micrograms/ dry powder cartridge refill
c64z.,TRUE,Bud,200,0,0,0,0,0,0,0,0,0,0,1,0,0,1,200,BUDESONIDE 200micrograms spacer inhaler
c64A.,TRUE,Bud,200,0,0,0,0,0,0,0,0,0,0,1,0,0,1,200,BUDESONIDE 200micrograms refill cannister
c64J.,FALSE,Bud,100,0,0,0,0,0,0,0,0,0,0,1,0,0,0,400,EASYHALER BUDESONIDE 400micrograms breath-actuated dry powder inhaler
c649.,FALSE,Bud,50,0,0,0,0,0,0,1,0,0,0,0,0,0,0,400,PULMICORT 400microgram Turbohaler 50
x00gG,FALSE,Bud,50,0,0,0,0,0,0,1,0,0,0,0,0,0,0,400,Pulmicort 400micrograms Turbohaler
c64h.,TRUE,Bud,100,0,0,0,0,0,0,1,0,0,0,1,0,0,0,400,BUDESONIDE 400micrograms breath-actuated dry powder inhaler
c64a.,FALSE,Bud,20,0,0,0,1,0,0,0,0,0,0,0,0,0,0,500,PULMICORT 500micrograms Respules 2mL unit
x00bU,FALSE,Bud,20,0,0,0,1,0,0,0,0,0,0,0,0,0,0,500,Pulmicort 500micrograms/2mL Respule
c64i.,TRUE,Bud,20,0,0,0,1,0,0,0,0,0,0,0,0,0,0,500,BUDESONIDE 500microgram/2mL nebuliser solution
c64b.,FALSE,Bud,20,0,0,0,1,0,0,0,0,0,0,0,0,0,0,1000,PULMICORT 1mg Respules 2mL unit
c64j.,TRUE,Bud,20,0,0,0,1,0,0,0,0,0,0,0,0,0,0,1000,BUDESONIDE 1mg/2mL nebuliser solution
c64x.,TRUE,Bud,200,0,0,0,0,0,0,0,0,0,0,0,0,0,1,NA,*BUDESONIDE refill 200
c64m.,FALSE,Bud,200,0,0,0,0,0,0,0,1,0,0,1,1,1,1,200,BUDESONIDE 200micrograms inhalation capsules
c64n.,FALSE,Bud,200,0,0,0,0,0,0,0,1,0,0,1,1,1,1,400,BUDESONIDE 400micrograms inhalation capsules
x00z6,FALSE,Bud,200,0,0,0,2,0,0,1,0,0,0,3,0,1,5,NA,Respiratory budesonide
c64..,FALSE,Bud,200,0,0,0,2,0,0,1,0,0,0,3,0,1,5,NA,BUDESONIDE [RESPIRATORY USE]
c691.,FALSE,Cic,120,0,0,0,0,0,0,0,0,0,0,0,0,1,0,160,ALVESCO 160micrograms inhaler
c69z.,TRUE,Cic,120,0,0,0,0,0,0,0,0,0,0,0,0,1,0,160,CICLESONIDE 160micrograms inhaler
c692.,FALSE,Cic,120,0,0,0,0,0,0,0,0,0,0,0,0,1,0,80,ALVESCO 80micrograms inhaler
c69y.,TRUE,Cic,120,0,0,0,0,0,0,0,0,0,0,0,0,1,0,80,CICLESONIDE 80micrograms inhaler
c65D.,TRUE,Fl,120,0,0,0,0,0,0,0,0,1,0,0,0,1,0,25,FLIXOTIDE 25micrograms inhaler
c65G.,TRUE,Fl,120,0,0,0,0,0,0,0,0,1,0,0,0,1,0,25,FLUTICASONE PROPIONATE 25micrograms inhaler
c65T.,FALSE,Fl,60,0,0,0,0,0,0,0,0,1,0,0,0,0,0,50,FLIXOTIDE 50micrograms Accuhaler
c65g.,FALSE,Fl,120,0,0,0,0,0,0,0,0,0,0,0,0,1,0,50,FLIXOTIDE 50micrograms Evohaler
c65E.,TRUE,Fl,120,0,0,0,0,0,0,0,0,1,0,0,0,1,0,50,FLIXOTIDE 50micrograms inhaler
c65f.,TRUE,Fl,120,0,0,0,0,0,0,0,0,0,0,0,0,1,0,50,FLUTICASONE PROPIONATE 50micrograms CFC-free inhaler
c65P.,TRUE,Fl,60,0,0,0,0,0,0,0,0,1,0,0,0,0,0,50,FLUTICASONE PROPIONATE 50micrograms breath-actuated dry powder inhaler
c65H.,TRUE,Fl,120,0,0,0,0,0,0,0,0,1,0,0,0,1,0,50,FLUTICASONE PROPIONATE 50micrograms inhaler
c65U.,FALSE,Fl,60,0,0,0,0,0,0,0,0,1,0,0,0,0,0,50,FLIXOTIDE 100micrograms Accuhaler
c65Q.,TRUE,Fl,60,0,0,0,0,0,0,0,0,1,0,0,0,0,0,100,FLUTICASONE PROPIONATE 100micrograms breath-actuated dry powder inhaler
c65d.,FALSE,Fl,120,0,0,0,0,0,0,0,0,0,0,0,0,1,0,125,FLIXOTIDE 125micrograms Evohaler
c65F.,TRUE,Fl,120,0,0,0,0,0,0,0,0,0,0,0,0,1,0,125,FLIXOTIDE 125micrograms inhaler
c65b.,TRUE,Fl,120,0,0,0,0,0,0,0,0,0,0,0,0,1,0,125,FLUTICASONE PROPIONATE 125micrograms CFC-free inhaler
c65I.,TRUE,Fl,120,0,0,0,0,0,0,0,0,0,0,0,0,1,0,125,FLUTICASONE PROPIONATE 125micrograms inhaler
c65V.,FALSE,Fl,60,0,0,0,0,0,0,0,0,1,0,0,0,0,0,250,FLIXOTIDE-250micrograms Accuhaler
c65e.,FALSE,Fl,120,0,0,0,0,0,0,0,0,0,0,0,0,1,0,250,FLIXOTIDE 250micrograms Evohaler
c65K.,TRUE,Fl,120,0,0,0,0,0,0,0,0,1,0,0,0,1,0,250,FLIXOTIDE 250micrograms inhaler
c65c.,TRUE,Fl,120,0,0,0,0,0,0,0,0,0,0,0,0,1,0,250,FLUTICASONE PROPIONATE 250micrograms CFC-free inhaler
c65R.,TRUE,Fl,60,0,0,0,0,0,0,0,0,1,0,0,0,0,0,250,FLUTICASONE PROPIONATE 250micrograms breath-actuated dry powder inhaler
c65J.,TRUE,Fl,120,0,0,0,0,0,0,0,0,1,0,0,0,1,0,250,FLUTICASONE PROPIONATE 250micrograms inhaler
c65W.,FALSE,Fl,60,0,0,0,0,0,0,0,0,1,0,0,0,0,0,500,FLIXOTIDE 500micrograms Accuhaler
c65S.,TRUE,Fl,60,0,0,0,0,0,0,0,0,1,0,0,0,0,0,500,FLUTICASONE PROPIONATE 500micrograms breath-actuated dry powder inhaler
c651.,FALSE,Fl,60,0,0,0,0,0,0,0,1,1,0,0,0,0,0,50,FLIXOTIDE 50micrograms diskhaler
c657.,FALSE,Fl,60,0,0,0,0,0,0,0,1,1,0,0,0,0,0,50,FLIXOTIDE 50micrograms disk refill
c65A.,TRUE,Fl,60,0,0,0,0,0,0,0,1,1,0,0,0,0,0,50,FLUTICASONE PROPIONATE 50micrograms disk refill
c654.,TRUE,Fl,60,0,0,0,0,0,0,0,1,1,0,0,0,0,0,50,FLUTICASONE PROPIONATE 50micrograms disks+disk inhaler
c658.,FALSE,Fl,60,0,0,0,0,0,0,0,1,1,0,0,0,0,0,100,FLIXOTIDE 100micrograms disk refill
c652.,FALSE,Fl,60,0,0,0,0,0,0,0,1,1,0,0,0,0,0,100,FLIXOTIDE 100micrograms diskhaler
c655.,TRUE,Fl,60,0,0,0,0,0,0,0,1,1,0,0,0,0,0,100,FLUTICASONE PROPIONATE 100micrograms disks+disk inhaler
c65B.,TRUE,Fl,60,0,0,0,0,0,0,0,1,1,0,0,0,0,0,100,FLUTICASONE PROPIONATE 100micrograms disk refill
c653.,FALSE,Fl,60,0,0,0,0,0,0,0,1,1,0,0,0,0,0,250,FLIXOTIDE 250micrograms diskhaler
c659.,TRUE,Fl,60,0,0,0,0,0,0,0,1,1,0,0,0,0,0,250,FLIXOTIDE 250micrograms disk refill
c65C.,TRUE,Fl,60,0,0,0,0,0,0,0,1,1,0,0,0,0,0,250,FLUTICASONE PROPIONATE 250micrograms disk refill
c656.,TRUE,Fl,60,0,0,0,0,0,0,0,1,1,0,0,0,0,0,250,FLUTICASONE PROPIONATE 250micrograms disks+disk inhaler
c65M.,TRUE,Fl,60,0,0,0,0,0,0,0,1,1,0,0,0,0,0,500,FLIXOTIDE 500micrograms disk refill
c65L.,FALSE,Fl,60,0,0,0,0,0,0,0,1,1,0,0,0,0,0,500,FLIXOTIDE 500micrograms diskhaler
c65O.,TRUE,Fl,60,0,0,0,0,0,0,0,1,1,0,0,0,0,0,500,FLUTICASONE PROPIONATE 500micrograms disk refill
c65N.,TRUE,Fl,60,0,0,0,0,0,0,0,1,1,0,0,0,0,0,500,FLUTICASONE PROPIONATE 500micrograms disks+disk inhaler
c65Z.,FALSE,Fl,10,0,1,0,0,0,0,0,0,0,0,0,0,0,0,500,FLIXOTIDE 0.5mg/2mL Nebules
c65X.,TRUE,Fl,10,0,1,0,0,0,0,0,0,0,0,0,0,0,0,500,FLUTICASONE PROPIONATE 0.5mg/2mL nebulisation units
c65a.,FALSE,Fl,10,0,1,0,0,0,0,0,0,0,0,0,0,0,0,2000,FLIXOTIDE 2mg/2mL Nebules
c65Y.,TRUE,Fl,10,0,1,0,0,0,0,0,0,0,0,0,0,0,0,2000,FLUTICASONE PROPIONATE 2mg/2mL nebulisation units
c65..,FALSE,Fl,120,0,2,0,0,0,0,0,4,9,0,0,0,4,0,NA,FLUTICASONE PROPIONATE [RESPIRATORY USE]
c683.,FALSE,MomF,60,0,0,0,0,0,1,0,0,1,0,0,0,0,0,200,ASMANEX TWISTHALER 200micrograms breath-actuated dry powder inhaler
c681.,TRUE,MomF,60,0,0,0,0,0,1,0,0,1,0,0,0,0,0,200,MOMETASONE FUROATE 200micrograms breath-actuated dry powder inhaler
c684.,FALSE,MomF,60,0,0,0,0,0,1,0,0,1,0,0,0,0,0,400,ASMANEX TWISTHALER 400micrograms breath-actuated dry powder inhaler
c682.,TRUE,MomF,60,0,0,0,0,0,1,0,0,1,0,0,0,0,0,400,MOMETASONE FUROATE 400micrograms breath-actuated dry powder inhaler
c6A1.,FALSE,Bec+Form,120,0,0,0,0,0,0,0,0,0,0,0,0,1,0,100,FOSTAIR 100micrograms/6micrograms inhaler
c6A2.,FALSE,Bec+Form,120,0,0,0,0,0,0,0,0,0,0,0,0,1,0,100,FOSTAIR NEXTHALER 100micrograms/6micrograms powder inhaler
c6Az.,TRUE,Bec+Form,120,0,0,0,0,0,0,0,0,0,0,0,0,1,0,100,BECLOMETASONE DIPROPRIONATE+FORMOTEROL FUMARATE DIHYDRATE 100micrograms/6micrograms inhaler
c6Ay.,TRUE,Bec+Form,120,0,0,0,0,0,0,0,0,0,0,0,0,1,0,100,BECLOMET DIPROP+FORMOTEROL FUMARATE DIHYD 100mcg/6mcg pdr inh
c671.,TRUE,Bud+Form,120,0,0,0,0,0,0,0,0,0,0,0,0,1,0,100,SYMBICORT 100/6 Turbohaler
c67z.,TRUE,Bud+Form,120,0,0,0,0,0,0,0,0,0,0,0,0,1,0,100,BUDESONIDE+FORMOTEROL FUMARATE DIHYDRATE 100micrograms/6micrograms breath-actuated dry powder inhaler
c674.,FALSE,Bud+Form,120,0,0,0,0,0,0,0,0,0,0,0,0,1,0,160,DUORESP SPIROMAX 160mcg/4.5mcg breath-act dry powder inhaler
c672.,FALSE,Bud+Form,120,0,0,0,0,0,0,0,0,0,0,0,0,1,0,200,SYMBICORT 200/6 Turbohaler
c67y.,TRUE,Bud+Form,120,0,0,0,0,0,0,0,0,0,0,0,0,1,0,200,BUDESONIDE+FORMOTEROL FUMARATE DIHYDRATE 200micrograms/6micrograms breath-actuated dry powder inhaler
c675.,FALSE,Bud+Form,60,0,0,0,0,0,0,0,0,1,0,0,0,0,0,320,DUORESP SPIROMAX 320mcg/9mcg breath-act dry powder inhaler
c673.,FALSE,Bud+Form,60,0,0,0,0,0,0,0,0,1,0,0,0,0,0,400,SYMBICORT 400/12 Turbohaler
c67x.,TRUE,Bud+Form,60,0,0,0,0,0,0,0,0,1,0,0,0,0,0,400,BUDESONIDE+FORMOTEROL FUMARATE DIHYDRATE 400micrograms/12micrograms breath-actuated dry powder inhaler
c67..,TRUE,Bud+Form,120,0,0,0,0,0,0,0,0,2,0,0,0,3,0,NA,BUDESONIDE+FORMOTEROL
c1c1.,FALSE,Fl+Form,120,0,0,0,0,0,0,0,0,0,0,0,0,1,0,50,FLUTIFORM 50micrograms/5micrograms inhaler
c1cz.,TRUE,Fl+Form,120,0,0,0,0,0,0,0,0,0,0,0,0,1,0,50,FLUTICASONE PROPIONATE+FORMOTEROL FUMARATE 50mcg/5mcg inh
c1c2.,FALSE,Fl+Form,120,0,0,0,0,0,0,0,0,0,0,0,0,1,0,125,FLUTIFORM 125micrograms/5micrograms inhaler
c1cy.,TRUE,Fl+Form,120,0,0,0,0,0,0,0,0,0,0,0,0,1,0,125,FLUTICASONE PROPIONATE+FORMOTEROL FUMARATE 125mcg/5mcg inh
c1c3.,FALSE,Fl+Form,120,0,0,0,0,0,0,0,0,0,0,0,0,1,0,250,FLUTIFORM 250micrograms/10micrograms inhaler
c1cx.,FALSE,Fl+Form,120,0,0,0,0,0,0,0,0,0,0,0,0,1,0,250,FLUTICASONE PROPIONATE+FORMOTEROL FUMARATE 250mcg/10mcg inh
c1D4.,TRUE,Fl+Salm,120,0,0,0,0,0,0,0,0,0,0,0,0,1,0,50,SERETIDE 50 Evohaler
c1Du.,TRUE,Fl+Salm,120,0,0,0,0,0,0,0,0,0,0,0,0,1,0,50,SALMETEROL+FLUTICASONE PROPIONATE 25micrograms/50micrograms CFC-free inhaler
c1D1.,TRUE,Fl+Salm,60,0,0,0,0,0,0,0,0,1,0,0,0,0,0,100,SERETIDE 100 Accuhaler
c1Dx.,TRUE,Fl+Salm,60,0,0,0,0,0,0,0,0,1,0,0,0,0,0,100,SALMETEROL+FLUTICASONE PROPIONATE 50micrograms/100micrograms breath-actuated dry powder inhaler
c1D5.,TRUE,Fl+Salm,120,0,0,0,0,0,0,0,0,0,0,0,0,1,0,125,SERETIDE 125 Evohaler
c1Dv.,TRUE,Fl+Salm,120,0,0,0,0,0,0,0,0,0,0,0,0,1,0,125,SALMETEROL+FLUTICASONE PROPIONATE 25micrograms/125micrograms CFC-free inhaler
c1D2.,TRUE,Fl+Salm,60,0,0,0,0,0,0,0,0,1,0,0,0,0,0,250,SERETIDE 250 Accuhaler
c1Dy.,TRUE,Fl+Salm,60,0,0,0,0,0,0,0,0,1,0,0,0,0,0,250,SALMETEROL+FLUTICASONE PROPIONATE 50micrograms/250micrograms breath-actuated dry powder inhaler
c1D6.,TRUE,Fl+Salm,120,0,0,0,0,0,0,0,0,0,0,0,0,1,0,250,SERETIDE 250 Evohaler
c1Dw.,FALSE,Fl+Salm,120,0,0,0,0,0,0,0,0,0,0,0,0,1,0,250,SALMETEROL+FLUTICASONE PROPIONATE 25micrograms/250micrograms CFC-free inhaler
c1D3.,TRUE,Fl+Salm,60,0,0,0,0,0,0,0,0,1,0,0,0,0,0,500,SERETIDE 500 Accuhaler
c1Dz.,TRUE,Fl+Salm,60,0,0,0,0,0,0,0,0,1,0,0,0,0,0,500,SALMETEROL+FLUTICASONE PROPIONATE 50micrograms/500micrograms breath-actuated dry powder inhaler
c1D..,TRUE,Fl+Salm,120,0,0,0,0,0,0,0,0,3,0,0,0,3,0,NA,SALMETEROL+FLUTICASONE PROPIONATE
c6B3.,FALSE,Fl+Vilan,90,0,0,1,0,0,1,0,0,0,1,0,0,0,0,92,RELVAR ELLIPTA 92micrograms/22micrograms inhaler
c6B4.,TRUE,Fl+Vilan,90,0,0,1,0,0,1,0,0,0,1,0,0,0,0,92,FLUTICASONE FUROATE+VILANTEROL 92mcg/22mcg dry pdr inhaler
c6B1.,FALSE,Fl+Vilan,90,0,0,1,0,0,1,0,0,0,1,0,0,0,0,184,RELVAR ELLIPTA 184micrograms/22micrograms inhaler
c6B2.,TRUE,Fl+Vilan,90,0,0,1,0,0,1,0,0,0,1,0,0,0,0,184,FLUTICASONE FUROATE+VILANTEROL 184mcg/22mcg dry pdr inhaler
cA...,TRUE,LTRA,28,0,0,0,0,5,0,0,1,0,0,0,0,0,0,NA,LEUKOTRIENE RECEPTOR ANTAGONIST
cA1..,TRUE,Monte,28,0,0,0,0,1,0,0,0,0,0,0,0,0,0,NA,MONTELUKAST
cA11.,TRUE,Monte,28,0,0,0,0,1,0,0,0,0,0,0,0,0,0,10,MONTELUKAST 10mg tablets
cA12.,TRUE,Monte,28,0,0,0,0,1,0,0,0,0,0,0,0,0,0,5,MONTELUKAST 5mg chewable tablets
cA13.,FALSE,Monte,28,0,0,0,0,1,0,0,0,0,0,0,0,0,0,10,SINGULAIR 10mg tablets
cA14.,FALSE,Monte,28,0,0,0,0,1,0,0,0,0,0,0,0,0,0,5,SINGULAIR PAEDIATRIC 5mg chewable tablets
cA15.,FALSE,Monte,28,0,0,0,0,1,0,0,0,0,0,0,0,0,0,4,SINGULAIR PAEDIATRIC 4mg chewable tablets
cA16.,FALSE,Monte,28,0,0,0,0,1,0,0,0,0,0,0,0,0,0,4,SINGULAIR PAEDIATRIC 4mg/sachet granules
cA1y.,TRUE,Monte,28,0,0,0,0,1,0,0,0,0,0,0,0,0,0,4,MONTELUKAST 4mg/sachet granules
cA1z.,TRUE,Monte,28,0,0,0,0,1,0,0,0,0,0,0,0,0,0,4,MONTELUKAST 4mg chewable tablets
cA2..,TRUE,Zafir,56,0,0,0,0,0,0,0,1,0,0,0,0,0,0,NA,ZAFIRLUKAST
cA21.,TRUE,Zafir,56,0,0,0,0,0,0,0,1,0,0,0,0,0,0,20,ZAFIRLUKAST 20mg tablets
cA22.,FALSE,Zafir,56,0,0,0,0,0,0,0,1,0,0,0,0,0,0,20,ACCOLATE 20mg tablets
